NPI,Name,City,State,Zip,MAC
1639137524,MICHAEL PRO,BALA CYNWYD,PA,19004,Novitas
1710391479,ERIKA DOSS,LOS ANGELES,CA,90033,Noridian
1285782847,R PHILIP DOSS,LOS ANGELES,CA,90033,Noridian
1932101037,FRANK COTTER,ROANOKE,VA,24008,Palmetto
1083972913,TAD SCHOEDEL,ROANOKE,VA,24016,Palmetto
1023015476,WILLIAM THOMPSON,ROANOKE,VA,24018,Palmetto
1386816601,ERICA BERNFELD,UPPER MARLBORO,MD,20774,Novitas
1063401362,LISA FEULNER,BEL AIR,MD,21015,Novitas
1598735813,STEPHEN HWANG,SCOTTSDALE,AZ,85251,Noridian
1467433037,BRAD ELKINS,ENCINO,CA,91436,Noridian
1528080694,DANA TANNENBAUM,NORTH HOLLYWOOD,CA,91602,Noridian
1780069294,JUSTIN DREDGE,ENCINO,CA,91316,Noridian
1427153022,MITCHELL SHULTZ,NORTHRIDGE,CA,91325,Noridian
1366533846,GANESHA KANDAVEL,ENCINO,CA,91316,Noridian
1982054433,BRIAN SHAFER,PLYMOUTH MEETING,PA,19462,Novitas
1134198096,MARK PYFER,JENKINTOWN,PA,19046,Novitas
1649215245,RACHEL NIKNAM,PHILADELPHIA,PA,19106,Novitas
1730671389,NIKITHA REDDY,WEST HOLLYWOOD,CA,90048,Noridian
1871853077,BAC NGUYEN,HOUSTON,TX,77027,Novitas
1487073920,JOHN MICHELETTI,HOUSTON,TX,77027,Novitas
1316108038,GABRIEL JACOB,SACRAMENTO,CA,95823,Noridian
1083806541,MUJAHID HINES,ROSEVILLE,CA,95661,Noridian
1255314597,DHARMENDRA PATEL,SCOTTSDALE,AZ,85259,Noridian
1174788699,RAJEN DESAI,FREEHOLD,NJ,07728,Novitas
1962631150,JONATHAN ZOGHBY,OXFORD,MS,38655,Novitas
1205889052,ARVIND NEELAKANTAN,DALLAS,TX,75231,Novitas
1487905634,AZRA IDRIZOVIC,DALLAS,TX,75231,Novitas
1194861674,DAVINDER GROVER,DALLAS,TX,75373,Novitas
1194757328,LINDA BURK,DALLAS,TX,75203,Novitas
1275995714,JEFFERSON BERRYMAN,MISSOULA,MT,59801,Noridian
1437562469,ROBERT SHARPE,SOUTHERN PINES,NC,28387,Palmetto
1033242581,TARRA MILLENDER,SOUTHERN PINES,NC,28387,Palmetto
1083857015,WINSTON GARRIS,SOUTHERN PINES,NC,28387,Palmetto
1740433945,JACOB BRUBAKER,SACRAMENTO,CA,95815,Noridian
1497135156,XIONGFEI LIU,SACRAMENTO,CA,95815,Noridian
1851328132,CONSTANCE OKEKE,NORFOLK,VA,23502,Palmetto
1992718373,JOSEPH KAVANAGH,SAN ANTONIO,TX,78292,Novitas
1508070525,ODAY ALSHEIKH,SAN ANTONIO,TX,78212,Novitas
1306124599,MICHAEL GREENWOOD,SIOUX FALLS,SD,57108,Noridian
1144203779,THOMAS HAWKINS,DUBLIN,GA,31021,Palmetto
1275544884,GANG HU,HURST,TX,76054,Novitas
1033139688,SCOTT CHERNE,EUGENE,OR,97401,Noridian
1376546226,ADAM DOSSEY,TYLER,TX,75701,Novitas
1639160112,JASON BACHARACH,PETALUMA,CA,94954,Noridian
1528264793,BRIAN HUNTER,TUCSON,AZ,85704,Noridian
1346694163,MICHAEL HENRY,TUCSON,AZ,85704,Noridian
1588197818,LAUREN LIBFRAIND,CHESTER,PA,19013,Novitas
1962020644,MATTHEW HIRABAYASHI,SAN ANTONIO,TX,78229,Novitas
1619927969,GEORGE REISS,GLENDALE,AZ,85306,Noridian
1477815389,SARA GHOBRAIEL,GLENDALE,AZ,85306,Noridian
1255782173,SUMANA KOMMANA,BALTIMORE,MD,21244,Novitas
1184072209,ANDREW JOHNSON,COOKEVILLE,TN,38506,Palmetto
1851654867,MICHAEL PATTERSON,CROSSVILLE,TN,38555,Palmetto
1326139981,ANDREW SORENSON,BERKELEY,CA,94705,Noridian
1326146630,DOROTHY KHONG,OAKLAND,CA,94611,Noridian
1285723411,H TANAKA,SAN FRANCISCO,CA,94115,Noridian
1346274024,JANE LOMAN,OAKLAND,CA,94612,Noridian
1598385148,AMEAY NARAVANE,LITTLETON,CO,80120,Novitas
1487817995,ARSHAM SHEYBANI,SAINT LOUIS,MO,63108,WPS
1164047221,YI-HSIEN YEH,BOSTON,MA,02114,NGS
1588732424,RENEE BOVELLE,GLENN DALE,MD,20769,Novitas
1063430023,INDER SINGH,RACINE,WI,53405,NGS
1114188042,ANDREW MCLAUGHLIN,BROOKVILLE,PA,15825,Novitas
1023336633,TAYLOR STRANGE,FORT WORTH,TX,76244,Novitas
1306024104,HARMOHINA BAGGA,PHOENIX,AZ,85054,Noridian
1982066254,AHMAR SAJJAD,INDIANAPOLIS,IN,46260,WPS
1538102512,ANTHONY LOMBARDO,INDIANAPOLIS,IN,46260,WPS
1548585854,PATRICK HOPEN,INDIANAPOLIS,IN,46260,WPS
1902848765,PAUL CACCHILLO,INDIANAPOLIS,IN,46260,WPS
1508863101,WESLEY HERMAN,DALLAS,TX,75231,Novitas
1457612830,JOSHUA DUNCAN,PHOENIX,AZ,85054,Noridian
1427170596,TIMOTHEA RYAN,MERIDEN,CT,06450,NGS
1770534737,ZARMEENA VENDAL,WEST LAKE HILLS,TX,78746,Novitas
1083935068,GEORGE WANDLING,COON RAPIDS,MN,55433,NGS
1023079522,DAVID MEDFORD,MORRISTOWN,NJ,07960,Novitas
1508847930,ERIC MANN,DOVER,NJ,07801,Novitas
1639112097,MATTHEW MARANO,LIVINGSTON,NJ,07039,Novitas
1437155041,ROBERT PINKE,SUCCASUNNA,NJ,07876,Novitas
1043245954,MELANIE SINATRA,SADDLE RIVER,NJ,07458,Novitas
1225304918,RUSSELL SWAN,SIOUX FALLS,SD,57108,Noridian
1033259114,GRANT CORNING,ADA,OK,74820,Novitas
1891790770,ERIC DONNENFELD,GARDEN CITY,NY,11530,NGS
1265682496,VALERIE TRUBNIK,MINEOLA,NY,11501,NGS
1760491377,JOHN PAPALE,SPRINGFIELD,MA,01118,NGS
1386634400,JOHN WARREN,GREENFIELD,MA,01301,NGS
1629073879,NANCY BALIN,NORTHAMPTON,MA,01062,NGS
1497743702,ADAM ABROMS,WESTLAKE VILLAGE,CA,91361,Noridian
1982015921,JAMES BERG,NACOGDOCHES,TX,75965,Novitas
1962403071,TIMOTHY YOUNG,NACOGDOCHES,TX,75965,Novitas
1235220799,ROBERT SORENSON,BERKELEY,CA,94705,Noridian
1194093971,ANNA SHI,MONTEREY,CA,93940,Noridian
1346530441,ABRAHAM PARK,KANSAS CITY,MO,64154,WPS
1063040178,ALBERT BARGOUD,NEW PROVIDENCE,NJ,07974,Novitas
1538666151,ARIANA LEVIN,SAINT LOUIS,MO,63108,WPS
1194975177,JOSEPH PANARELLI,NEW YORK,NY,10017,NGS
1548722440,JONATHAN WILLIAMS,NEW YORK,NY,10010,NGS
1225391725,EDWARD YUNG,PHILADELPHIA,PA,19107,Novitas
1477715829,ZACHARY VEST,SHERIDAN,CO,80110,Novitas
1093209777,ZACHARY DAVIS,SMITHTOWN,NY,11787,NGS
1073823258,KEVIN GAMETT,RENO,NV,89511,Noridian
1639437627,BRETT MCKNIGHT,LIBERTY,MO,64068,WPS
1932136959,STEPHEN WILES,KANSAS CITY,MO,64118,WPS
1427346683,COURTNEY BOVEE,TAMPA,FL,33618,FCSO
1497769368,SHARON RICHENS,ST GEORGE,UT,84770,Noridian
1952393373,RAVINDERAN KRISHNAN,CORPUS CHRISTI,TX,78414,Novitas
1306163589,EMILE SHARIFI,FRESNO,CA,93720,Noridian
1538450499,ROBERT VAN DER VAART,WILMINGTON,NC,28403,Palmetto
1457348930,DAVID MOVERMAN,TAUNTON,MA,02780,NGS
1386872950,LAUREN YANCEY,CARROLLTON,GA,30117,Palmetto
1598876237,SHANNON SMITH,NACOGDOCHES,TX,75965,Novitas
1871853077,BAC NGUYEN,HOUSTON,TX,77027,Novitas
1720219454,ABHISHEK NEMANI,WYOMISSING,PA,19610,Novitas
1073774774,MEHUL NAGARSHETH,WYOMISSING,PA,19610,Novitas
1013449024,DANIEL DANSDILL,PHOENIX,AZ,85016,Noridian
1902249139,CENTRAEL EVANS,ATHENS,GA,30606,Palmetto
1154362077,JAMES OVERLEASE,KANSAS CITY,MO,64114,WPS
1538491311,MICHAEL SMITH,WYOMISSING,PA,19610,Novitas
1336348820,JOHANN OHLY,OVERLAND PARK,KS,66204,WPS
1083744775,PAUL DOUGHERTY,WESTLAKE VILLAGE,CA,91361,Noridian
1356390546,MICHAEL STILES,OVERLAND PARK,KS,66213,WPS
1558653014,JAMES MURPHY,HAMDEN,CT,06518,NGS
1023389871,GABRIEL FERREIRA,NEW YORK,NY,10034,NGS
1972941748,NITASHA GUPTA,NEW YORK,NY,10016,NGS
1588638217,ROBERT NOECKER,PITTSBURGH,PA,15213,Novitas
1093008302,AUSTIN BELL,ROGERS,AR,72756,Novitas
1295963999,MICHAEL WAGGONER,ROGERS,AR,72756,Novitas
1750389854,ROGER KALDAWY,MILFORD,MA,01757,NGS
1437385077,BRADFORD SNEAD,FORT MYERS,FL,33907,FCSO
1689014409,POORAV PATEL,MEDFORD,OR,97504,Noridian
1942610977,AMY MEHTA,NEW YORK,NY,10021,NGS
1194164186,ERIC ROSENBERG,NEW YORK,NY,10021,NGS
1750397576,BALAMURALI AMBATI,EUGENE,OR,97401,Noridian
1740742758,SHELLEY JELINEO,EUGENE,OR,97401,Noridian
1457586299,REENA GARG,ROCKVILLE,MD,20852,Novitas
1346243714,KENT BASHFORD,FORT COLLINS,CO,80525,Novitas
1285990671,JOHNATHON DOWNING,BOWLING GREEN,KY,42104,CGS
1225326580,MICHELLE SATO,LOS ANGELES,CA,90013,Noridian
1174935910,LORRAINE PROVENCHER,OMAHA,NE,68137,WPS
1336677913,BRIANA BRUNNER,ANNAPOLIS,MD,21401,Novitas
1487767190,DAN TRAN,LONG BEACH,CA,90807,Noridian
1114996576,DAVID JACKSON,OKLAHOMA CITY,OK,73120,Novitas
1053775346,RYAN O'MEILIA,STUART,FL,34996,FCSO
1730476730,JARED JACKSON,EDMOND,OK,73013,Novitas
1073582409,JEFFREY SHAVER,EDMOND,OK,73013,Novitas
1992293757,SAMANTHA LACROCE,YORK,PA,17408,Novitas
1740391952,JOSHUA KIM,VENICE,FL,34285,FCSO
1447286190,LARISSA CAMEJO,PALM BEACH GARDENS,FL,33410,FCSO
1598128829,MATTHEW BRINK,PALM BEACH GARDENS,FL,33410,FCSO
1467494203,MICHAEL BOONE,VISALIA,CA,93277,Noridian
1134334105,KATHRYN FREIDL,JACKSONVILLE,FL,32256,FCSO
1053750794,KENZO KOIKE,JACKSONVILLE,FL,32256,FCSO
1932162849,STEVEN MAIER,JACKSONVILLE,FL,32214,FCSO
1326368549,SHIVANI KAMAT,DALLAS,TX,75390,Novitas
1437124161,TIMOTHY HODGES,TUCSON,AZ,85716,Noridian
1821171661,JOSE BIGLES-GEIGEL,COVINGTON,GA,30015,Palmetto
1790733954,HEATHER NESTI,ANNAPOLIS,MD,21401,Novitas
1497287031,LUKE CHANG,ANNAPOLIS,MD,21401,Novitas
1831159110,DARYL KASWINKEL,COLUMBUS,OH,43213,CGS
1013259167,JUSTIN SPAULDING,MEDFORD,OR,97504,Noridian
1497744205,JONATHAN SOLOMON,GREENBELT,MD,20770,Novitas
1992237952,CHASE LIABOE,BLOOMINGTON,MN,55431,NGS
1629230206,CHRISTINE LARSEN,BLOOMINGTON,MN,55431,NGS
1033174040,ANTOINE FAHD,HUNTINGTON BEACH,CA,92648,Noridian
1700173655,DAVID SALVAY,NEWPORT BEACH,CA,92663,Noridian
1114025780,EHSAN SADRI,ANAHEIM,CA,92802,Noridian
1366500456,LEE NOVICK,FOUNTAIN VALLEY,CA,92708,Noridian
1275557613,DARWIN WOOTEN,CORINTH,MS,38834,Novitas
1538379789,JOHN SHIPP,JACKSON,MS,39216,Novitas
1710911219,HEMANG PATEL,INDIANAPOLIS,IN,46290,WPS
1942283288,MICHAEL BEHFOROUZ,CARMEL,IN,46032,WPS
1689993347,MICHAEL HOPEN,CARMEL,IN,46032,WPS
1407820194,GERARDO PARADA,MARIETTA,GA,30060,Palmetto
1366821688,AUSTIN NAKATSUKA,SALT LAKE CITY,UT,84132,Noridian
1982041372,RACHEL SIMPSON,SALT LAKE CITY,UT,84132,Noridian
1144255324,TERRENCE DOHERTY,GOODLETTSVILLE,TN,37072,Palmetto
1831137991,PETER DEBRY,HENDERSON,NV,89052,Noridian
1114156841,ALEX GERBER,MIDDLETOWN,RI,02842,NGS
1225276678,SARAH ANIS,PROVIDENCE,RI,02906,NGS
1871674507,LYNN POLONSKI,TUCSON,AZ,85712,Noridian
1225019904,JASON LEVINE,TUCSON,AZ,85710,Noridian
